index_right,Longitude,Latitude
90,-73.90813,40.80769167
91,-73.90817333,40.80759667
92,-73.90821333,40.8075
93,-73.908245,40.80741333
94,-73.90827,40.80732833
95,-73.90829833,40.80723833
96,-73.90836333,40.80704833
97,-73.90839667,40.806955
98,-73.90842833,40.80687167
99,-73.908455,40.80679667
100,-73.90848,40.80674
176,-73.90606,40.80412
177,-73.90597,40.80407
178,-73.90573333,40.80394333
179,-73.90568167,40.803915
180,-73.90563,40.80389167
181,-73.90562667,40.803875
182,-73.905605,40.80382333
183,-73.90562833,40.803785
184,-73.90566833,40.80373833
185,-73.90572167,40.80368667
186,-73.90577667,40.80363333
187,-73.90583167,40.80357833
188,-73.90588333,40.80352833
189,-73.90592667,40.80348333
190,-73.90596667,40.80344333
191,-73.906,40.80340833
192,-73.90602333,40.80338333
193,-73.90607,40.80331667
194,-73.90609333,40.80328
195,-73.90617,40.80319667
196,-73.90625667,40.80311667
197,-73.90634667,40.803035
198,-73.90642833,40.80296167
199,-73.90650333,40.802895
200,-73.90665167,40.80274667
201,-73.906725,40.80267333
202,-73.9068,40.8026
203,-73.90687333,40.80252833
204,-73.90694833,40.80245333
205,-73.90702,40.80237833
206,-73.90709167,40.80230833
207,-73.90714667,40.80225167
208,-73.90718,40.802215
209,-73.907205,40.80219167
210,-73.90729,40.80219167
211,-73.90734333,40.80221667
277,-73.91281,40.80490833
278,-73.91290833,40.80495333
332,-73.917545,40.80437167
333,-73.917665,40.80442
334,-73.91777333,40.804465
335,-73.91787167,40.80450667
336,-73.91795833,40.80454167
337,-73.91803333,40.80456833
338,-73.91809167,40.80459
339,-73.91813,40.804605
340,-73.91817167,40.80464667
341,-73.91821667,40.80466667
342,-73.91826333,40.80469
343,-73.91831333,40.80471333
344,-73.91836667,40.80473667
345,-73.91842667,40.80475667
346,-73.91848833,40.80477667
347,-73.91855,40.80479333
348,-73.91861167,40.80480667
349,-73.91873167,40.80480667
350,-73.91877,40.80479667
351,-73.91879833,40.804775
352,-73.91882167,40.80475
527,-73.931135,40.811265
528,-73.93114,40.81136333
529,-73.93114,40.81145667
530,-73.93112667,40.81154833
531,-73.9311,40.81162333
532,-73.93104833,40.81169333
533,-73.93097167,40.81176167
534,-73.930875,40.811825
535,-73.93076667,40.81188833
536,-73.93065,40.811945
537,-73.93053333,40.81199667
538,-73.93042,40.812045
539,-73.93031,40.81209333
655,-73.92891167,40.819815
656,-73.92888167,40.8199
657,-73.92884333,40.81998333
658,-73.92880667,40.820065
931,-73.92121167,40.81134167
932,-73.92117667,40.81141333
933,-73.92109333,40.81153
934,-73.92105,40.81157
935,-73.92101667,40.81159667
936,-73.920995,40.81161167
937,-73.92089833,40.81168833
938,-73.92087167,40.81173167
939,-73.920845,40.811785
940,-73.92081833,40.81183833
941,-73.92079667,40.81188833
942,-73.92075833,40.81194
943,-73.92074667,40.81199333
944,-73.92067667,40.81204333
945,-73.92061833,40.81209167
946,-73.92056833,40.81213667
947,-73.92052833,40.81217333
948,-73.92050333,40.81220333
949,-73.92048833,40.81222167
1320,-73.98412667,40.785765
1321,-73.98417333,40.78580667
1322,-73.98422167,40.78584333
1323,-73.98427333,40.78586833
1324,-73.98432667,40.78588667
1325,-73.98438833,40.78589167
1326,-73.98445667,40.78588667
1327,-73.98452167,40.78587333
1328,-73.98458333,40.78584667
1329,-73.984635,40.785815
1330,-73.98470333,40.785615
1331,-73.98468833,40.78554667
1332,-73.98467,40.78539
1333,-73.98467333,40.78530333
1334,-73.98468667,40.78519833
1335,-73.9847,40.78509833
1367,-73.98682333,40.7817
1368,-73.98692833,40.78158167
1369,-73.98704,40.78146167
1370,-73.98715167,40.78134333
1371,-73.98726833,40.781225
1372,-73.98750167,40.78098333
1373,-73.98761667,40.78086333
1374,-73.98772667,40.78073667
1375,-73.98783833,40.780605
1395,-73.99324667,40.77329333
1396,-73.99334,40.77316667
1397,-73.99342833,40.77304333
1398,-73.99350667,40.77292333
1399,-73.99359,40.77280333
1400,-73.99366333,40.77268833
1401,-73.99373167,40.77257833
1402,-73.99387167,40.77239167
1403,-73.99393167,40.77231333
1404,-73.99397833,40.77224833
1405,-73.99404333,40.77215667
1406,-73.99406833,40.77212167
1407,-73.99408833,40.77209333
1408,-73.99410667,40.772065
1409,-73.99412333,40.77204
1410,-73.99414167,40.77201667
1411,-73.99416,40.77199667
1412,-73.99422333,40.77191167
1413,-73.99424333,40.77189167
1414,-73.99426833,40.77185833
1415,-73.99430833,40.77177333
1416,-73.99432667,40.77173167
1417,-73.99435,40.77168833
1418,-73.99436833,40.77164833
1419,-73.99438333,40.77161
1420,-73.9944,40.77157667
1421,-73.994415,40.771545
1422,-73.99443,40.77151833
1423,-73.99444333,40.77149333
1424,-73.99445667,40.77146833
1425,-73.99362,40.77117667
1745,-73.97715667,40.771555
1746,-73.977005,40.77146667
1747,-73.976875,40.77135833
1748,-73.97674833,40.77128167
1749,-73.97662,40.77120333
1750,-73.976495,40.77112667
1751,-73.97637167,40.77103833
1752,-73.97624333,40.77095167
1753,-73.97611667,40.77086
1754,-73.97599167,40.77077167
1755,-73.97586667,40.77068167
1756,-73.97573667,40.77059833
1757,-73.97560333,40.77052
1758,-73.97546833,40.77044333
1759,-73.97534,40.77035833
1760,-73.97521333,40.77027333
1761,-73.97509667,40.77017167
1762,-73.974975,40.77007667
1763,-73.97485667,40.76999167
1764,-73.974735,40.76991167
1765,-73.97461167,40.76983333
1766,-73.97435667,40.769675
1767,-73.97424,40.769595
1768,-73.97412833,40.76951167
1769,-73.97401333,40.76944833
1770,-73.973905,40.76938333
1771,-73.97378833,40.76932
1772,-73.97367167,40.76927333
1773,-73.97353833,40.76922667
1774,-73.973405,40.76919167
1775,-73.97315667,40.76910333
1776,-73.97290333,40.76901667
1777,-73.97277667,40.76897333
1778,-73.97263667,40.76893667
1779,-73.97249167,40.76890333
1780,-73.97236167,40.76886833
1781,-73.972235,40.76882333
1782,-73.97197167,40.76874
1783,-73.971835,40.76870333
2607,-73.92716667,40.82835833
2608,-73.92725833,40.82840167
2609,-73.92745333,40.82850833
2610,-73.92755667,40.82857
2611,-73.92766667,40.828635
4045,-73.92327167,40.81301667
4046,-73.92321,40.81305167
4047,-73.92300667,40.81315833
4048,-73.92293167,40.81320667
4049,-73.9229,40.81322333
4050,-73.92277667,40.813305
4051,-73.922605,40.81339833
4052,-73.92254333,40.81342833
4053,-73.92247,40.813465
4320,-73.89769167,40.83653833
4321,-73.89768833,40.83662
4322,-73.89767667,40.83671
4323,-73.89763833,40.83688833
4324,-73.89761667,40.836975
4325,-73.89759,40.837055
4326,-73.89756333,40.83713667
4327,-73.89753333,40.837215
4328,-73.89746667,40.837365
4329,-73.89742833,40.83743667
4330,-73.89738833,40.83750167
4331,-73.897355,40.837555
4332,-73.89733,40.837595
4333,-73.89731167,40.83762667
4334,-73.89728667,40.83767167
4335,-73.89727,40.83769
4336,-73.89725,40.837715
4337,-73.89723,40.83775
4338,-73.89720333,40.83778833
4339,-73.89715333,40.837845
4340,-73.897095,40.83791167
4341,-73.896975,40.83805167
4342,-73.89692167,40.83812667
4343,-73.896865,40.83820333
4344,-73.89680333,40.83828167
4345,-73.89667833,40.83844
4346,-73.89661,40.83851833
4347,-73.89654,40.83859833
4348,-73.89647333,40.83867833
4349,-73.89634167,40.83884667
4350,-73.89628333,40.83892667
4351,-73.89622833,40.839005
4352,-73.89617333,40.83908167
4353,-73.89612167,40.839155
4354,-73.89608167,40.83922667
4355,-73.89603833,40.839295
4356,-73.89599333,40.839365
4357,-73.89595167,40.839435
4358,-73.89591167,40.83950667
4359,-73.89582667,40.83964667
4360,-73.895785,40.83971333
4361,-73.89573833,40.83978167
4362,-73.89569,40.83985167
4363,-73.89559,40.83999667
4364,-73.89553833,40.84007
4365,-73.89549,40.84014333
4366,-73.89544833,40.84021833
4367,-73.89541667,40.84029333
4368,-73.89538333,40.84037167
4369,-73.89534167,40.84045
4370,-73.89529167,40.84053
4371,-73.89524167,40.84061
4372,-73.895145,40.840775
4373,-73.89510167,40.84085333
4374,-73.89506667,40.84093333
4375,-73.89502333,40.84101667
4518,-73.89464833,40.843925
4519,-73.89473333,40.843915
4520,-73.89478833,40.84391333
4521,-73.894855,40.84391667
4522,-73.89493667,40.84393167
4523,-73.89503,40.84394333
4524,-73.89536167,40.84397333
4525,-73.89548667,40.84398333
4526,-73.89561667,40.84398667
4608,-73.90131,40.84120167
4609,-73.90135833,40.84112
4610,-73.90140667,40.84103667
4611,-73.90145333,40.84095333
4612,-73.901545,40.84079167
4613,-73.901585,40.84072167
4677,-73.89886333,40.8365
4678,-73.898755,40.83646167
4679,-73.89863833,40.83643333
4680,-73.898395,40.83640167
4681,-73.898285,40.83638667
4682,-73.89817667,40.83637667
4683,-73.89808,40.83638
4684,-73.89789667,40.836385
4685,-73.89786667,40.83635833
4686,-73.897825,40.83621167
4687,-73.89781833,40.83614333
4688,-73.89781,40.83607
4689,-73.89780333,40.835995
4690,-73.89780167,40.83591333
4691,-73.89779833,40.835835
4692,-73.89779,40.83576167
4693,-73.89777,40.83568667
4694,-73.89774167,40.83561
4695,-73.89772,40.83553333
5668,-73.96768333,40.78474667
5669,-73.967575,40.78469
5670,-73.967465,40.78463167
5671,-73.96735167,40.784575
5672,-73.96724167,40.784515
5673,-73.96713167,40.78445333
5674,-73.96702833,40.784395
5675,-73.96691667,40.78432
5676,-73.966775,40.784245
5677,-73.96649667,40.78412667
5678,-73.96636333,40.78407833
5679,-73.966235,40.78403333
5680,-73.96611667,40.783995
5681,-73.96598333,40.78396167
5682,-73.96585833,40.78393
5683,-73.96561167,40.78386
5684,-73.96548333,40.78382333
5685,-73.96535,40.78378667
5686,-73.96521667,40.78374667
5687,-73.96494833,40.78367
5688,-73.96482,40.78363167
5689,-73.9647,40.78359333
5690,-73.96458167,40.78355667
5691,-73.96446667,40.78351167
5692,-73.964355,40.783465
5693,-73.96424333,40.783415
5694,-73.96413333,40.78336667
5695,-73.96403,40.78330833
5696,-73.96392667,40.78325167
5697,-73.96383167,40.78319
5698,-73.96376,40.78311167
5699,-73.96371,40.78302
5700,-73.96366167,40.78293333
5701,-73.96362333,40.78284
5702,-73.96356167,40.78263333
5703,-73.96353167,40.78252667
5704,-73.96350333,40.78242
5705,-73.96346833,40.782315
5706,-73.96343167,40.78220833
5707,-73.96338167,40.78211333
5708,-73.96314833,40.78182333
5709,-73.963055,40.78173333
5710,-73.96296,40.781645
5711,-73.96285333,40.78155833
5712,-73.96273667,40.78147167
5713,-73.96263,40.78139333
6614,-73.95691333,40.7893
6615,-73.95706167,40.78935667
6616,-73.95721167,40.78941167
6617,-73.95736333,40.78946667
6618,-73.95752,40.78952167
6619,-73.957785,40.78965667
6620,-73.95792333,40.78971167
6621,-73.95807,40.78977167
6622,-73.958215,40.789835
6623,-73.95852,40.78995333
6624,-73.95884167,40.79005333
6625,-73.95900667,40.790095
6626,-73.959175,40.79013667
6627,-73.95934167,40.79017167
6628,-73.959505,40.79020333
6629,-73.95982333,40.79027833
6630,-73.95997667,40.79032333
6631,-73.96012333,40.79037667
6632,-73.96026,40.790435
6633,-73.96039667,40.79050167
6634,-73.96053167,40.79057667
6635,-73.96066167,40.79066
6636,-73.96078667,40.790745
6637,-73.96091167,40.79082333
6638,-73.96103833,40.79090167
6639,-73.961165,40.790975
6640,-73.96129167,40.79104667
6641,-73.961415,40.79112
6642,-73.96154333,40.79118833
6643,-73.96167667,40.79125333
6644,-73.96181167,40.79131667
6645,-73.96209667,40.79145167
6646,-73.962385,40.79157167
6647,-73.962535,40.79162667
6648,-73.96267167,40.791675
6649,-73.96281833,40.79172333
6650,-73.96308167,40.79181667
6651,-73.96317833,40.79185
6750,-73.90799,40.80651167
6751,-73.907685,40.80660667
6752,-73.90754167,40.80664833
6753,-73.90737,40.80669167
6754,-73.90719333,40.80673
6755,-73.90702833,40.80677667
6756,-73.90687,40.80683333
6757,-73.906715,40.80688167
6758,-73.906285,40.807055
6759,-73.90615667,40.80712833
6760,-73.90603667,40.80720667
6761,-73.90591667,40.80727667
6762,-73.90579333,40.80734667
6763,-73.90567167,40.80741667
6764,-73.90554333,40.807485
6765,-73.90541667,40.807555
6766,-73.9053,40.80761833
6767,-73.90509833,40.80774333
6768,-73.90499833,40.80779667
6769,-73.90489833,40.807855
6770,-73.90480167,40.80790833
6771,-73.904705,40.80796333
6772,-73.90453333,40.80806167
6773,-73.90446,40.80808667
6774,-73.90434167,40.80813333
6775,-73.90431333,40.80816
6776,-73.90425667,40.80820333
6777,-73.90421833,40.808225
6778,-73.90416167,40.80823833
6779,-73.90410167,40.80825833
6780,-73.904035,40.80828333
6781,-73.90396833,40.80831667
6782,-73.90386167,40.80836667
6783,-73.90381667,40.80839
6784,-73.90377833,40.808405
6785,-73.90375167,40.80843
6786,-73.90373,40.808445
6787,-73.90358333,40.80854833
6788,-73.90345,40.80862333
6789,-73.903395,40.80864333
6790,-73.903345,40.80863667
7438,-73.89276333,40.81742
7439,-73.89271333,40.81738167
7440,-73.89265667,40.81734333
7441,-73.89260167,40.81730667
7442,-73.89250833,40.81725333
7443,-73.89247667,40.817235
7444,-73.89244833,40.81722167
7445,-73.89235167,40.81715333
7446,-73.8923,40.817115
7447,-73.89224333,40.81707167
7448,-73.89218667,40.817015
7449,-73.89214,40.81695
7450,-73.89210167,40.816885
7451,-73.89207167,40.81683167
7452,-73.89205,40.81678833
7453,-73.89195167,40.81660667
7454,-73.89193,40.81654667
7455,-73.89190833,40.81647833
7456,-73.89188667,40.81640167
7457,-73.89181833,40.816145
7458,-73.89179,40.81605167
7459,-73.89176167,40.81595667
7460,-73.891735,40.81586333
7461,-73.89170833,40.81577167
7462,-73.89168167,40.81567833
7463,-73.89165667,40.81558333
7464,-73.89163167,40.815485
7465,-73.89160667,40.81538667
7466,-73.89158333,40.815285
7467,-73.89156,40.81518333
7468,-73.89154,40.81508667
7469,-73.89152167,40.815
7470,-73.891505,40.81492667
7471,-73.89149,40.81486167
7472,-73.891475,40.81480167
7473,-73.89145833,40.81474333
7474,-73.89144333,40.81468333
7475,-73.89141333,40.81457
7476,-73.8914,40.81452
7568,-73.88617667,40.81213167
7569,-73.88606167,40.812145
7570,-73.88594667,40.81215833
7571,-73.88583167,40.812175
7572,-73.88571667,40.81219
7573,-73.885605,40.81220667
7574,-73.88549833,40.81222
7575,-73.88540333,40.81223167
7576,-73.88532167,40.81224
7577,-73.885245,40.81225
7578,-73.88517667,40.81226333
7579,-73.88512,40.81227333
7580,-73.885075,40.812285
7581,-73.88504,40.8123
7582,-73.88501333,40.81232667
7583,-73.885005,40.81243167
7584,-73.88504833,40.81256333
7585,-73.88507333,40.81264
7586,-73.885095,40.81272333
7587,-73.885115,40.812815
7588,-73.88513833,40.81290667
7589,-73.88522833,40.813235
7590,-73.88525333,40.81335667
7591,-73.88526333,40.81340667
7592,-73.88529,40.81349833
7593,-73.8853,40.813545
7594,-73.88531333,40.81363167
7595,-73.88530833,40.81366667
7705,-73.88548167,40.82121833
7706,-73.885415,40.8212
7707,-73.885365,40.82116167
7708,-73.88532,40.82105
7709,-73.88530333,40.820975
7710,-73.88528667,40.82088667
7711,-73.88527333,40.820795
7762,-73.88413667,40.81631167
7763,-73.88411333,40.81621333
7764,-73.88408667,40.81611333
7765,-73.88405833,40.81601167
7766,-73.88402833,40.81591333
7767,-73.88400167,40.81581333
7768,-73.88397333,40.81571667
7787,-73.88356667,40.81412
7788,-73.88348833,40.81381167
7789,-73.88346167,40.813725
7790,-73.88343333,40.81364
7791,-73.88340833,40.81355667
7792,-73.88338667,40.81346833
7793,-73.88336667,40.81338
7794,-73.88332833,40.81320333
7795,-73.88330833,40.81312167
7796,-73.88328833,40.813045
7797,-73.88327,40.81297333
7798,-73.88325167,40.81290833
7799,-73.88323667,40.81285333
7800,-73.88322,40.812805
7801,-73.88320667,40.81276333
7802,-73.88319667,40.81273
7803,-73.88318833,40.81270167
7804,-73.88308833,40.8126
7805,-73.88302167,40.81258333
7806,-73.882655,40.812615
7807,-73.88255667,40.81263
7808,-73.88245,40.812645
7809,-73.88233833,40.81266167
7810,-73.88222,40.81268
7811,-73.88198167,40.81272
7812,-73.88187167,40.81273833
7813,-73.88176833,40.81275333
7814,-73.88167167,40.81276833
7815,-73.88158667,40.81278
7816,-73.881515,40.81278667
7817,-73.88146333,40.81279333
7818,-73.88142333,40.812795
7819,-73.88133333,40.8128
7820,-73.88128833,40.81274833
7821,-73.88126,40.812685
7822,-73.881235,40.81260833
7823,-73.88121167,40.81252167
7824,-73.88118833,40.81243167
7825,-73.88116333,40.81233667
7826,-73.881135,40.81224167
7827,-73.88110667,40.81214167
7828,-73.88107333,40.81204
7829,-73.88104333,40.811935
7830,-73.88101167,40.81183167
7831,-73.88097333,40.81173167
7832,-73.88094,40.81163167
7833,-73.88088833,40.81141833
7834,-73.88083333,40.81120167
7835,-73.880805,40.81109333
7836,-73.880775,40.81098
7837,-73.88074667,40.81086167
7838,-73.88071667,40.81074167
7839,-73.88068667,40.81062
7840,-73.88065667,40.8105
7841,-73.88062833,40.81038
7842,-73.8806,40.81026667
7843,-73.88057333,40.81015833
7844,-73.88034,40.80915167
7845,-73.88031833,40.80908333
7846,-73.880295,40.80901
7847,-73.88027167,40.80893333
7848,-73.88025,40.808855
7849,-73.88023,40.80877667
7850,-73.88021167,40.808695
7851,-73.88019,40.80861667
7852,-73.88017,40.80854
7853,-73.88015,40.80846167
7854,-73.88013167,40.80838
7855,-73.88011333,40.80829667
7856,-73.880095,40.808215
7857,-73.880075,40.80813333
7858,-73.88005333,40.80805167
7859,-73.88001333,40.80789833
7860,-73.87999167,40.807825
7861,-73.87997333,40.80775333
7862,-73.87994333,40.807625
7863,-73.87993,40.80756
7864,-73.87989333,40.80741
7865,-73.87983667,40.80723333
7866,-73.87980667,40.80714
7867,-73.87977667,40.807055
7868,-73.87975333,40.80697833
7869,-73.87973833,40.80690833
7870,-73.87972833,40.80685167
7871,-73.87972,40.80680667
7872,-73.87970833,40.80676167
7873,-73.87969667,40.80671333
7874,-73.87968167,40.80665833
7875,-73.87965333,40.806545
7876,-73.87964167,40.80648667
7877,-73.879625,40.80639333
7878,-73.87961333,40.80636333
7879,-73.87959833,40.80632833
7880,-73.87957833,40.80628
7881,-73.87955833,40.80622
7882,-73.87951667,40.80608167
7883,-73.87948,40.80595667
7884,-73.87946667,40.80590333
7885,-73.87946167,40.80586
7886,-73.87945833,40.80582667
7887,-73.87945833,40.8058
7888,-73.87946,40.80578333
7889,-73.87948,40.80569667
7890,-73.87951333,40.80567667
7891,-73.87956667,40.80566667
7892,-73.87964,40.80565667
7893,-73.87971667,40.80565167
7894,-73.87991167,40.805625
7895,-73.88002333,40.80560333
7896,-73.88015333,40.80558
7897,-73.88029167,40.80555333
7898,-73.880435,40.80552667
7899,-73.88058,40.80550167
7900,-73.88072667,40.80548
7901,-73.88102167,40.80543833
7902,-73.88131667,40.80539
7903,-73.88144833,40.80536667
7904,-73.88156667,40.80534333
7905,-73.88168167,40.805325
7906,-73.881795,40.80530333
7907,-73.88203833,40.80526667
7908,-73.88216833,40.80525
7909,-73.88230667,40.80523333
7910,-73.88245167,40.80521333
7911,-73.88260667,40.80519167
7912,-73.88291,40.80515
7913,-73.88306167,40.80513
7914,-73.88321167,40.80511
7915,-73.88336,40.80508833
7916,-73.883505,40.805065
7967,-73.88710333,40.80646833
7968,-73.88722833,40.80645333
7969,-73.88735,40.80644167
7995,-73.889545,40.807925
7996,-73.88955667,40.80801
7997,-73.889575,40.808095
7998,-73.88960167,40.80817667
7999,-73.88963167,40.808265
8000,-73.88966167,40.80835833
8001,-73.88969167,40.80845167
8002,-73.88975333,40.80864833
8003,-73.88978333,40.808745
8004,-73.88980167,40.80884
8005,-73.88982667,40.808935
8006,-73.88984167,40.80902667
8007,-73.88986167,40.80911667
8008,-73.889885,40.80920667
8009,-73.88991,40.80929167
8010,-73.889935,40.80937333
8011,-73.88995333,40.80944833
8012,-73.88997333,40.80951667
8013,-73.89005333,40.80961833
8014,-73.89012333,40.80964667
8015,-73.890195,40.80967167
8016,-73.89039167,40.80965667
8017,-73.89050167,40.80964
8018,-73.89062667,40.80962
8019,-73.89076167,40.809595
8020,-73.89091833,40.80957333
8021,-73.8916,40.80948167
8022,-73.89177,40.809455
8023,-73.89193667,40.80942833
8024,-73.89210333,40.80940167
8025,-73.89227333,40.80936833
8026,-73.89244,40.80933833
8027,-73.892755,40.809285
8028,-73.89291,40.80925833
8029,-73.89306,40.80923667
8030,-73.89320333,40.809215
8031,-73.893345,40.80919667
8032,-73.89347333,40.80918
8043,-73.89552833,40.81172833
8044,-73.895435,40.811815
8045,-73.89539,40.81185667
8046,-73.89533667,40.81191167
8047,-73.89528167,40.81197667
8048,-73.895225,40.81204833
8049,-73.89516333,40.81212167
8064,-73.89542667,40.81279167
8070,-73.895865,40.81292833
8071,-73.89591833,40.81288167
8072,-73.89597667,40.812815
8073,-73.89603667,40.81274333
8074,-73.89609333,40.81267333
8075,-73.896145,40.81261167
8076,-73.89618833,40.812565
8077,-73.89621667,40.81253333
8078,-73.896235,40.81251667
8079,-73.896295,40.81245333
8080,-73.89628833,40.81240167
8081,-73.89625167,40.81234667
8082,-73.89611667,40.81224667
8083,-73.89603,40.812195
8084,-73.89593333,40.81213833
8085,-73.89583833,40.812085
8086,-73.89576,40.81203333
8087,-73.89570833,40.81198333
8088,-73.89567333,40.81192333
8089,-73.89565,40.811785
8090,-73.89564,40.81170833
8091,-73.89562167,40.81162667
8129,-73.89639833,40.80884
8130,-73.89648333,40.80882667
8131,-73.896565,40.808805
8132,-73.89664333,40.80877167
8133,-73.89669333,40.80872333
8134,-73.89673333,40.80867833
8135,-73.89674667,40.808625
8136,-73.89673333,40.80849667
8137,-73.89668667,40.808335
8138,-73.89666167,40.80825
8139,-73.89664,40.80817167
8140,-73.89662167,40.80810667
8141,-73.89661,40.80805833
8142,-73.89665833,40.80798667
8143,-73.89671,40.80798
8144,-73.89678,40.80797667
8145,-73.89696,40.80795167
8146,-73.897055,40.80794
8147,-73.89715,40.80792833
8148,-73.89724167,40.80791667
8149,-73.89732167,40.807905
8150,-73.89742833,40.807895
8151,-73.89746,40.80789167
8152,-73.89749333,40.80789333
8153,-73.897525,40.80790333
8154,-73.89755333,40.80792
8155,-73.89757167,40.80794667
8156,-73.89758333,40.80798833
8157,-73.89759667,40.80804333
8158,-73.89762333,40.80812167
8159,-73.89766333,40.80826667
8160,-73.89769,40.80838167
8161,-73.89769667,40.80843
8162,-73.89770333,40.80847
8163,-73.89770667,40.80848333
8164,-73.897745,40.80854833
8165,-73.897755,40.80858833
8166,-73.89777,40.80865
8167,-73.89780333,40.80880333
8168,-73.89782833,40.80889333
8169,-73.89785333,40.80899167
8170,-73.89787667,40.80909167
8171,-73.89790167,40.80919667
8172,-73.89793,40.80930167
8173,-73.89795333,40.80940667
8174,-73.89798167,40.80951667
8175,-73.898005,40.80962
8176,-73.89803167,40.809725
8177,-73.89805333,40.80983
8178,-73.89808,40.80993167
8179,-73.898105,40.810025
8180,-73.89815,40.81018833
8181,-73.89817667,40.81025167
8182,-73.89821,40.81029667
8183,-73.89830333,40.81037
8184,-73.89835,40.81040833
8185,-73.898395,40.81044833
8186,-73.89845333,40.81048667
8187,-73.89852333,40.81051167
8188,-73.89859,40.81052833
8189,-73.89866833,40.81052167
8190,-73.89888667,40.81048833
8191,-73.89892833,40.81047833
8192,-73.898975,40.81045833
8193,-73.89902167,40.810425
8194,-73.89906333,40.81037667
8195,-73.89910833,40.81031333
8196,-73.89914833,40.81024333
8197,-73.89919,40.81016333
8198,-73.89923667,40.81007833
8199,-73.89928167,40.80998833
8200,-73.89932167,40.80989
8201,-73.89934667,40.80979
8202,-73.899355,40.80968333
8203,-73.89934667,40.809575
8204,-73.89933167,40.809465
8205,-73.89930833,40.80935333
8206,-73.89928,40.80923667
8207,-73.89925167,40.80911833
8208,-73.89922,40.80899667
8209,-73.89919,40.80887333
8210,-73.89913333,40.80863
8211,-73.899105,40.80851167
8212,-73.89907667,40.808395
8213,-73.89905,40.80828167
8214,-73.89902167,40.80817
8215,-73.89899333,40.80806167
8216,-73.89897,40.80795333
8217,-73.89893,40.80773333
8218,-73.89891,40.807625
8219,-73.89888667,40.80751667
8220,-73.89886167,40.80741333
8221,-73.898835,40.80731333
8222,-73.898795,40.80712
8223,-73.89877833,40.807015
8224,-73.89875833,40.806905
8225,-73.89873667,40.80679333
8226,-73.89869,40.80657833
8227,-73.89866667,40.80647333
8228,-73.89864333,40.80637167
8229,-73.898625,40.80628167
8230,-73.89861667,40.80620833
8231,-73.89862,40.80615167
8232,-73.89863833,40.80611
8233,-73.89867167,40.80607833
8234,-73.89873,40.80606
8235,-73.89881,40.80604667
8236,-73.89890667,40.806035
8237,-73.89908,40.80600667
8238,-73.89914167,40.80598833
8239,-73.89918,40.80597167
8240,-73.89920167,40.80595833
8241,-73.89929667,40.80589333
8242,-73.89932167,40.80585333
8243,-73.89933333,40.8058
8244,-73.89933333,40.80573833
8245,-73.899325,40.80567
8246,-73.89932167,40.80560167
8247,-73.89933,40.80554
8248,-73.89935,40.80549167
8249,-73.8994,40.80545167
8250,-73.89956167,40.80539667
8251,-73.89964167,40.80537667
8252,-73.89970833,40.80536167
8253,-73.89975667,40.80535
8254,-73.8999,40.80532167
8255,-73.89995667,40.80531
8256,-73.90011167,40.80527333
8257,-73.90020167,40.80525
8258,-73.90031167,40.80521833
8259,-73.90043,40.80519
8260,-73.90056,40.80516167
8261,-73.90069833,40.80513833
8262,-73.90083833,40.80511833
8263,-73.90113,40.80508333
8264,-73.90127333,40.80506667
8265,-73.90141833,40.80504833
8266,-73.901555,40.80503333
8267,-73.90168,40.80502
8268,-73.90178833,40.80501
8269,-73.90188333,40.805005
8270,-73.90196667,40.80501
8271,-73.90204,40.80502667
8272,-73.9021,40.80504167
8273,-73.90215,40.80505167
8274,-73.90221667,40.805125
8305,-73.90276833,40.80826
8306,-73.90278333,40.80834167
8307,-73.902795,40.80841833
8308,-73.90283,40.808655
8309,-73.90285,40.80873333
8310,-73.90286833,40.80881167
8311,-73.902885,40.80888833
8312,-73.90290333,40.80897
8313,-73.90291667,40.809035
8328,-73.90393167,40.80914833
8329,-73.904045,40.809065
8330,-73.90416167,40.80898333
8331,-73.90441167,40.80881667
8332,-73.90454167,40.80872667
8333,-73.90467333,40.80864
8334,-73.90480167,40.80855167
8335,-73.90493167,40.80846
8336,-73.90519833,40.80826167
8337,-73.905735,40.80787
8338,-73.90585833,40.80777833
8339,-73.90598167,40.80769
8340,-73.90610333,40.80760333
8341,-73.90622333,40.80752
8342,-73.906345,40.80743833
8343,-73.90645833,40.80736333
8344,-73.90656667,40.80729667
8345,-73.90678333,40.80718833
8346,-73.906895,40.80714
8347,-73.90700833,40.80709
8348,-73.90713333,40.807035
8349,-73.90726167,40.80698167
8350,-73.9074,40.80692833
8351,-73.90753667,40.80687333
8352,-73.90767667,40.80682
8353,-73.90782,40.80676333
8354,-73.90796833,40.80670833
9474,-73.93579,40.79957167
9475,-73.93575667,40.79954667
10215,-73.95944333,40.81955167
10216,-73.95948,40.81949667
10217,-73.95951667,40.81944167
10218,-73.95955167,40.81939
10219,-73.959585,40.819335
10220,-73.95960667,40.819295
10221,-73.95962833,40.819255
10222,-73.95966,40.81921333
10223,-73.959755,40.819105
10224,-73.95978,40.81906667
10225,-73.95979333,40.819035
10226,-73.95983167,40.818955
10227,-73.95995167,40.81881
10228,-73.95999333,40.818745
10229,-73.960005,40.81871167
10230,-73.960015,40.81868167
10231,-73.959955,40.81841333
10232,-73.95990667,40.81833167
10233,-73.95985333,40.81824833
10370,-73.95706,40.81705167
10371,-73.95700667,40.81713333
10372,-73.95695333,40.817215
10373,-73.95685167,40.81738
10374,-73.95680667,40.81746333
10375,-73.95675333,40.81754667
10497,-73.95016,40.81681667
10498,-73.950145,40.81674667
10499,-73.95012333,40.816675
10964,-73.95446667,40.79752167
10965,-73.95447833,40.797485
10966,-73.954525,40.797385
10967,-73.95453667,40.79735333
10968,-73.95455667,40.79732333
10969,-73.954575,40.79729333
10970,-73.9546,40.79723333
10971,-73.95461833,40.79720333
10972,-73.954635,40.79717333
10973,-73.954655,40.79714667
10974,-73.95467333,40.79712
10975,-73.95468667,40.79709333
10976,-73.95469833,40.79706833
10977,-73.95470833,40.79704333
10978,-73.954715,40.79702
10979,-73.95471833,40.79699667
10980,-73.95473167,40.79697667
10981,-73.95474833,40.79695833
10982,-73.95481333,40.79688667
10983,-73.95482833,40.796865
10984,-73.95484667,40.796845
10985,-73.954865,40.79682667
10986,-73.954885,40.79680667
10987,-73.95494667,40.796745
10988,-73.95497333,40.79672667
10989,-73.95499833,40.79671
10990,-73.95502667,40.79669167
10991,-73.95504833,40.79666833
10992,-73.95507167,40.796645
10993,-73.95509667,40.796625
10994,-73.95512333,40.796605
10995,-73.95515333,40.796585
10996,-73.95518167,40.79656333
10997,-73.95521167,40.79654333
10998,-73.955235,40.79652167
10999,-73.95525167,40.7965
11000,-73.95527833,40.79648167
11001,-73.95530333,40.79646667
11002,-73.95532167,40.79644667
11003,-73.95534,40.79642833
11004,-73.955355,40.79641
11005,-73.955395,40.796375
11006,-73.95542,40.796355
11007,-73.95544333,40.79633667
11008,-73.95546333,40.79631667
11009,-73.95550667,40.796285
11010,-73.95554167,40.79624667
11011,-73.95556,40.79622833
11012,-73.95557667,40.79620667
11013,-73.95560667,40.796165
11014,-73.95561833,40.79614167
11015,-73.95563,40.79612
11016,-73.95563833,40.79609833
11017,-73.95564667,40.79607333
11018,-73.95566,40.79604833
11019,-73.95567333,40.79602333
11020,-73.955685,40.795995
11021,-73.95569667,40.79596833
11022,-73.9557,40.79590333
11023,-73.95569667,40.79586667
11024,-73.95568667,40.79583167
11025,-73.95566667,40.7958
11026,-73.95564833,40.79576833
11027,-73.95561333,40.79570167
11028,-73.95559333,40.79566667
11029,-73.95557167,40.79563333
11030,-73.95554667,40.79560333
11031,-73.95551667,40.79557667
11032,-73.95548,40.79555667
11033,-73.95544167,40.79554167
11034,-73.95540333,40.79552833
11035,-73.95536833,40.795515
11036,-73.95533333,40.79550167
11037,-73.95529833,40.79549
11038,-73.95526833,40.79548167
11039,-73.95523833,40.795475
11040,-73.95505333,40.79549667
11041,-73.95502167,40.795505
11042,-73.95498333,40.79551333
11043,-73.954945,40.79552167
11044,-73.95489833,40.79553167
11045,-73.95485667,40.79554
11046,-73.95477167,40.79556167
11047,-73.95473,40.79557667
11048,-73.95469,40.79559167
11049,-73.95465167,40.79560833
11050,-73.954515,40.795685
11051,-73.95448167,40.79570167
11052,-73.954445,40.795715
11053,-73.95437667,40.79574833
11054,-73.954345,40.79576667
11055,-73.95431667,40.79578667
11056,-73.95428667,40.795805
11057,-73.954255,40.795815
11058,-73.95422333,40.79582833
11059,-73.95419167,40.79584167
11060,-73.95416,40.79585333
11061,-73.954125,40.79586
11062,-73.95409333,40.79586667
11063,-73.95403667,40.79588833
11064,-73.95400667,40.79589667
11065,-73.95397167,40.7959
11066,-73.95394,40.79590667
11067,-73.95386667,40.79591667
11068,-73.95383333,40.79591833
11069,-73.95380167,40.795915
11070,-73.95377167,40.79591167
11071,-73.95374167,40.79591167
11072,-73.95371333,40.79591
11073,-73.953475,40.79577
11074,-73.95346333,40.79575167
11075,-73.95335167,40.79558833
11076,-73.95334667,40.79556833
11077,-73.95334167,40.79554667
11078,-73.95333833,40.79552667
11079,-73.95334,40.79541667
11080,-73.954015,40.79499667
11081,-73.95404333,40.794985
11082,-73.95407167,40.79497167
11083,-73.954125,40.79494167
11084,-73.95414833,40.79493
11085,-73.95424167,40.79488167
11086,-73.954315,40.79484833
11087,-73.95435667,40.79481333
11088,-73.95437667,40.79479833
11089,-73.95439833,40.79478333
11090,-73.95442333,40.79477167
11091,-73.954445,40.794755
11092,-73.95446667,40.79473667
11093,-73.95448667,40.79472
11094,-73.95450667,40.79470333
11095,-73.95458667,40.79465167
11096,-73.95461833,40.79461833
11097,-73.95462667,40.79459667
11098,-73.95463167,40.79457833
11099,-73.95464,40.79455833
11100,-73.95467667,40.79452333
11101,-73.95469667,40.794505
11102,-73.95471667,40.79448667
11103,-73.95477333,40.79441667
11104,-73.95478667,40.79439167
11105,-73.95479833,40.79437
11106,-73.95480833,40.79434833
11107,-73.95481833,40.79432333
11108,-73.95482833,40.7943
11109,-73.95485167,40.79422
11110,-73.95486,40.794195
11111,-73.95486667,40.79417
11112,-73.95487667,40.79414167
11113,-73.95488667,40.79411333
11114,-73.95489667,40.79408667
11115,-73.954905,40.79405667
11116,-73.954915,40.794025
11117,-73.95493167,40.793995
11118,-73.95495667,40.79392833
11119,-73.95497,40.79389167
11120,-73.95498333,40.793855
11121,-73.954995,40.793815
11122,-73.95500667,40.79377667
11123,-73.955015,40.79373667
11124,-73.955025,40.79366167
11125,-73.95502667,40.79362667
11126,-73.95502833,40.79358833
11127,-73.95503167,40.79351167
11128,-73.955035,40.79347167
11129,-73.95504167,40.79343333
11130,-73.95505167,40.793395
11131,-73.95506333,40.79336
11132,-73.95507833,40.79332667
11133,-73.95509,40.79329
11134,-73.95510667,40.79325833
11135,-73.95512333,40.79322333
11136,-73.95514,40.79318667
11137,-73.95515167,40.79314667
11138,-73.95516,40.79310833
11139,-73.95516333,40.79307
11140,-73.95516167,40.79303333
11141,-73.95515833,40.793
11142,-73.95515333,40.79293
11143,-73.95514833,40.792895
11144,-73.95514833,40.79285833
11145,-73.95514,40.79278667
11146,-73.95513,40.79275333
11147,-73.95511,40.79265167
11148,-73.95510833,40.79261833
11149,-73.95510833,40.79258333
11150,-73.95510833,40.79254833
11151,-73.95510667,40.79251333
11152,-73.95509667,40.79248333
11153,-73.95508667,40.79245333
11154,-73.95507833,40.79242667
11155,-73.95508,40.79240333
11156,-73.95508667,40.79235167
11157,-73.95509667,40.79232667
11158,-73.955105,40.79230167
11159,-73.955115,40.79227667
11160,-73.95512833,40.79225333
11161,-73.95514667,40.79223
11162,-73.955165,40.792205
11163,-73.95518167,40.79218167
11164,-73.95521167,40.79213167
11165,-73.955225,40.79210333
11166,-73.95524,40.792075
11167,-73.95526167,40.79205
11168,-73.95528,40.79202667
11169,-73.9553,40.79200333
11170,-73.95534167,40.79196
11171,-73.955365,40.79193833
11172,-73.95541833,40.7919
11173,-73.95544667,40.79188
11174,-73.95547167,40.79185833
11175,-73.9555,40.79183833
11176,-73.95552833,40.79181833
11177,-73.95555667,40.791795
11178,-73.955585,40.79177167
11179,-73.955615,40.79175167
11180,-73.95564167,40.79173
11181,-73.95567,40.791705
11182,-73.95572667,40.79166
11183,-73.95575833,40.79164
11184,-73.95579,40.79162167
11185,-73.95581667,40.79160333
11186,-73.95589,40.79153833
11187,-73.95591667,40.79151667
11188,-73.955945,40.79149833
11189,-73.95597,40.79148
11190,-73.95599333,40.79146333
11191,-73.95602,40.79144833
11192,-73.95616167,40.791375
11193,-73.95618833,40.791355
11194,-73.956215,40.79133167
11195,-73.95626167,40.79128333
11196,-73.95629,40.79126
11197,-73.95631833,40.79123833
11198,-73.95634667,40.79121667
11199,-73.95639333,40.79116
11200,-73.956415,40.79112667
11201,-73.95643667,40.79109667
11202,-73.95649667,40.79104167
11203,-73.9566,40.790965
11204,-73.95663167,40.790935
11205,-73.95665833,40.79090167
11206,-73.956685,40.79087333
11207,-73.95671167,40.79084667
11208,-73.95673833,40.79082
11209,-73.95676333,40.79079167
11210,-73.95678667,40.79076333
11211,-73.95682667,40.790705
11212,-73.95685,40.79067833
11213,-73.956875,40.790655
11214,-73.95689333,40.79062667
11215,-73.95690833,40.79060167
11216,-73.95692167,40.79057667
11217,-73.956935,40.79055167
11218,-73.95694667,40.79052667
11219,-73.95695667,40.79050333
11220,-73.95697333,40.79048167
11221,-73.95700333,40.790435
11222,-73.95701667,40.79041333
11223,-73.95703833,40.79036
11224,-73.95705,40.79033333
11225,-73.95706333,40.79030833
11226,-73.95709333,40.79027
11227,-73.95711167,40.79025333
11228,-73.95712833,40.79023667
